{
    "CanESM5": {
        "ERFari": {
            "BC": 0.0325934448436057,
            "OC": -0.00034665350786885785,
            "SO2": -0.0024876158908228,
            "NH3": -4.589869156619057e-11
        },
        "ERFaci": {
            "beta": 0.7274782427494431,
            "n0": 58.95288164936794,
            "n1": 24.621709963600736
        }
    },
    "E3SM": {
        "ERFari": {
            "BC": 0.024823188886540854,
            "OC": -0.012632190844124477,
            "SO2": -0.0009420909814018317,
            "NH3": -8.382764963309927e-18
        },
        "ERFaci": {
            "beta": 2.048194761455632,
            "n0": 155.8976737215549,
            "n1": 71.34288545828805
        }
    },
    "GFDL-ESM4": {
        "ERFari": {
            "BC": 0.10392279516937812,
            "OC": -0.029153979808912267,
            "SO2": -0.0026789379743594063,
            "NH3": -0.0008390122613011199
        },
        "ERFaci": {
            "beta": 5656.599484024968,
            "n0": 1669052.8839638059,
            "n1": 370189.635619441
        }
    },
    "GFDL-CM4": {
        "ERFari": {
            "BC": 0.028858463532652437,
            "OC": -0.002562860380611589,
            "SO2": -0.002633891362234049,
            "NH3": -5.52164734935872e-05
        },
        "ERFaci": {
            "beta": 3.5014612423789804,
            "n0": 692.7308017434415,
            "n1": 382.8952742035969
        }
    },
    "GISS-E2-1-G": {
        "ERFari": {
            "BC": 0.14613221426408013,
            "OC": -0.04414859990239293,
            "SO2": -0.006678277858991499,
            "NH3": -1.9859089900200092e-13
        },
        "ERFaci": {
            "beta": 0.5630808726581363,
            "n0": 117.90293519556138,
            "n1": 16.037254622631853
        }
    },
    "HadGEM3-GC31-LL": {
        "ERFari": {
            "BC": 0.05051817501157347,
            "OC": -0.007985596885449446,
            "SO2": -0.0034599924947667973,
            "NH3": -0.0011203256349885744
        },
        "ERFaci": {
            "beta": 1.0040289465439942,
            "n0": 95.41780065381423,
            "n1": 77.19074885350388
        }
    },
    "IPSL-CM6A-LR": {
        "ERFari": {
            "BC": 3.027319483230692e-22,
            "OC": -0.0059577177342502894,
            "SO2": -0.0016274812113788455,
            "NH3": -0.0008072311452676004
        },
        "ERFaci": {
            "beta": 1.0972498919775755,
            "n0": 358.33232871593026,
            "n1": 518.952735743648
        }
    },
    "MIROC6": {
        "ERFari": {
            "BC": 0.038721160593956465,
            "OC": -0.014240822745435654,
            "SO2": -0.0017815560620507362,
            "NH3": -1.1958615608738096e-15
        },
        "ERFaci": {
            "beta": 0.7732334167456414,
            "n0": 117.18083066549447,
            "n1": 35.01168110209315
        }
    },
    "MRI-ESM2-0": {
        "ERFari": {
            "BC": 0.012289659270779981,
            "OC": -0.0055732896833177266,
            "SO2": -0.003338247210985355,
            "NH3": -0.002952564935323866
        },
        "ERFaci": {
            "beta": 7.4037693927696715,
            "n0": 1275.8076538413595,
            "n1": 907.3489236801034
        }
    },
    "NorESM2-LM": {
        "ERFari": {
            "BC": 0.0030217326031740928,
            "OC": -0.003402281473700548,
            "SO2": -0.0012570278200828785,
            "NH3": -1.7252089047222808e-10
        },
        "ERFaci": {
            "beta": 4777.256532063977,
            "n0": 724290.7532880723,
            "n1": 387846.22869404696
        }
    },
    "UKESM1-0-LL": {
        "ERFari": {
            "BC": 0.003245404156962448,
            "OC": 0.0004601439832177092,
            "SO2": -0.002401264163351011,
            "NH3": -0.00026320558749237834
        },
        "ERFaci": {
            "beta": 0.7412256043405402,
            "n0": 39.516596895564376,
            "n1": 228.07030074266893
        }
    },
    "mean": {
        "ERFari": {
            "BC": 0.03327935622176563,
            "OC": -0.009422073461822255,
            "SO2": -0.0026417947224789983,
            "NH3": -0.0004767775960356343
        },
        "ERFaci": {
            "beta": 1.2005530115741825,
            "n0": 154.26840962751257,
            "n1": 76.29689490142864
        }
    }
}