{
    "CanESM5": {
        "ERFari": {
            "BC": 0.0325934448436057,
            "OC": -0.00034665350786885785,
            "SO2": -0.0024876158908228,
            "NH3": -4.589869156619057e-11
        },
        "ERFaci": {
            "beta": 1.3131606003058127,
            "n0": 181.42391008131716,
            "n1": 71.4255749222658,
            "n2": 265.0550299993764
        }
    },
    "E3SM": {
        "ERFari": {
            "BC": 0.024823188886540854,
            "OC": -0.012632190844124477,
            "SO2": -0.0009420909814018317,
            "NH3": -8.382764963309927e-18
        },
        "ERFaci": {
            "beta": 1.3678803129768256,
            "n0": 116.54341739316702,
            "n1": 1218.2869171113769,
            "n2": 54.49433219970558
        }
    },
    "GFDL-ESM4": {
        "ERFari": {
            "BC": 0.10392279516937812,
            "OC": -0.029153979808912267,
            "SO2": -0.0026789379743594063,
            "NH3": -0.0008390122613011199
        },
        "ERFaci": {
            "beta": 839.1285931620117,
            "n0": 403774.5768553174,
            "n1": 513623867.9114698,
            "n2": 84890.9871326704
        }
    },
    "GFDL-CM4": {
        "ERFari": {
            "BC": 0.028858463532652437,
            "OC": -0.002562860380611589,
            "SO2": -0.002633891362234049,
            "NH3": -5.52164734935872e-05
        },
        "ERFaci": {
            "beta": 857.6541384798684,
            "n0": 191462.30599632504,
            "n1": 122340.42980042135,
            "n2": 1124587.0919098966
        }
    },
    "GISS-E2-1-G": {
        "ERFari": {
            "BC": 0.14613221426408013,
            "OC": -0.04414859990239293,
            "SO2": -0.006678277858991499,
            "NH3": -1.9859089900200092e-13
        },
        "ERFaci": {
            "beta": 0.6366908613476641,
            "n0": 190.30994223248882,
            "n1": 19.07933506471388,
            "n2": 321.6738087792906
        }
    },
    "HadGEM3-GC31-LL": {
        "ERFari": {
            "BC": 0.05051817501157347,
            "OC": -0.007985596885449446,
            "SO2": -0.0034599924947667973,
            "NH3": -0.0011203256349885744
        },
        "ERFaci": {
            "beta": 1.0040305301635037,
            "n0": 95.41802055745914,
            "n1": 77.19089362296175,
            "n2": 2484080634.168639
        }
    },
    "IPSL-CM6A-LR": {
        "ERFari": {
            "BC": 3.027319483230692e-22,
            "OC": -0.0059577177342502894,
            "SO2": -0.0016274812113788455,
            "NH3": -0.0008072311452676004
        },
        "ERFaci": {
            "beta": 1.0974079683901006,
            "n0": 358.39902905099376,
            "n1": 519.1062989098483,
            "n2": 4718594.146625474
        }
    },
    "MIROC6": {
        "ERFari": {
            "BC": 0.038721160593956465,
            "OC": -0.014240822745435654,
            "SO2": -0.0017815560620507362,
            "NH3": -1.1958615608738096e-15
        },
        "ERFaci": {
            "beta": 1.1857882683280272,
            "n0": 230.02557761023567,
            "n1": 70.74390500052947,
            "n2": 723.903526224558
        }
    },
    "MRI-ESM2-0": {
        "ERFari": {
            "BC": 0.012289659270779981,
            "OC": -0.0055732896833177266,
            "SO2": -0.003338247210985355,
            "NH3": -0.002952564935323866
        },
        "ERFaci": {
            "beta": 7.405421061549115,
            "n0": 1276.0977930004601,
            "n1": 907.6107005461483,
            "n2": 145403514.94152474
        }
    },
    "NorESM2-LM": {
        "ERFari": {
            "BC": 0.0030217326031740928,
            "OC": -0.003402281473700548,
            "SO2": -0.0012570278200828785,
            "NH3": -1.7252089047222808e-10
        },
        "ERFaci": {
            "beta": 9277.159196828188,
            "n0": 1518901.3027643037,
            "n1": 1613409.9285078982,
            "n2": 2315702.7648845557
        }
    },
    "UKESM1-0-LL": {
        "ERFari": {
            "BC": 0.003245404156962448,
            "OC": 0.0004601439832177092,
            "SO2": -0.002401264163351011,
            "NH3": -0.00026320558749237834
        },
        "ERFaci": {
            "beta": 0.7412289428213634,
            "n0": 39.51686683789795,
            "n1": 228.08602828709422,
            "n2": 62930817.1314268
        }
    },
    "mean": {
        "ERFari": {
            "BC": 0.03327935622176563,
            "OC": -0.009422073461822255,
            "SO2": -0.0026417947224789983,
            "NH3": -0.0004767775960356343
        },
        "ERFaci": {
            "beta": 1.3126567519873233,
            "n0": 195.16407211660783,
            "n1": 124.88680225104709,
            "n2": 320.5817991627149
        }
    }
}