{
    "CanESM5": {
        "ERFari": {
            "BC": 0.032593451736307455,
            "OC": -0.0003466560003011253,
            "SO2": -0.0024876159811954126
        },
        "ERFaci": {
            "beta": 0.7274280482209131,
            "n0": 58.948256009813534,
            "n1": 24.616574697043426
        }
    },
    "E3SM": {
        "ERFari": {
            "BC": 0.024823191240579547,
            "OC": -0.012632191557587148,
            "SO2": -0.0009420910165031626
        },
        "ERFaci": {
            "beta": 2.048199015674559,
            "n0": 155.89798763985385,
            "n1": 71.34329387801755
        }
    },
    "GFDL-ESM4": {
        "ERFari": {
            "BC": 0.10170074495404595,
            "OC": -0.030419202894385235,
            "SO2": -0.0026386847240892357
        },
        "ERFaci": {
            "beta": 4622.750761356794,
            "n0": 1364044.9351159409,
            "n1": 302504.10246399144
        }
    },
    "GFDL-CM4": {
        "ERFari": {
            "BC": 0.026856017147487993,
            "OC": -0.0020895015435295396,
            "SO2": -0.002605796792966254
        },
        "ERFaci": {
            "beta": 3.501467247104388,
            "n0": 692.7326230898171,
            "n1": 382.8948919524911
        }
    },
    "GISS-E2-1-G": {
        "ERFari": {
            "BC": 0.14613221391896597,
            "OC": -0.04414859980630119,
            "SO2": -0.006678277853368305
        },
        "ERFaci": {
            "beta": 0.5630170513364652,
            "n0": 117.88588368071329,
            "n1": 16.034014682547063
        }
    },
    "HadGEM3-GC31-LL": {
        "ERFari": {
            "BC": 0.01026805591936027,
            "OC": 0.0014661808098902895,
            "SO2": -0.0028920763468362532
        },
        "ERFaci": {
            "beta": 1.0040302361920148,
            "n0": 95.41797830258841,
            "n1": 77.19086637333245
        }
    },
    "IPSL-CM6A-LR": {
        "ERFari": {
            "BC": -0.05612611636041315,
            "OC": 0.00885201658413965,
            "SO2": -0.0007476028996764003
        },
        "ERFaci": {
            "beta": 1.0971458375211838,
            "n0": 358.29412331625883,
            "n1": 518.8928785626423
        }
    },
    "MIROC6": {
        "ERFari": {
            "BC": 0.03872116014437906,
            "OC": -0.014240822617955845,
            "SO2": -0.001781556053539578
        },
        "ERFaci": {
            "beta": 0.7732396882735276,
            "n0": 117.18234499162264,
            "n1": 35.01198710413151
        }
    },
    "MRI-ESM2-0": {
        "ERFari": {
            "BC": 0.004470169634630712,
            "OC": -0.010025764476818749,
            "SO2": -0.0031965941213872315
        },
        "ERFaci": {
            "beta": 7.405104517445321,
            "n0": 1276.043048514313,
            "n1": 907.5453430561663
        }
    },
    "NorESM2-LM": {
        "ERFari": {
            "BC": 0.0030217302451821812,
            "OC": -0.003402281218557619,
            "SO2": -0.001257027778803014
        },
        "ERFaci": {
            "beta": 6066.754693932098,
            "n0": 919794.2791191143,
            "n1": 492589.6324481709
        }
    },
    "UKESM1-0-LL": {
        "ERFari": {
            "BC": 0.0025479088420959917,
            "OC": 6.339407522881757e-05,
            "SO2": -0.0023886318568828724
        },
        "ERFaci": {
            "beta": 0.7412275949150564,
            "n0": 39.516763264636126,
            "n1": 228.07723317080286
        }
    },
    "mean": {
        "ERFari": {
            "BC": 0.03045532067478382,
            "OC": -0.009720311695107064,
            "SO2": -0.0025105414022952473
        },
        "ERFaci": {
            "beta": 1.200533731696438,
            "n0": 154.26571341559827,
            "n1": 76.2946033848656
        }
    }
}