{
    "CanESM5": {
        "ERFari": {
            "BC": 0.03259344321843756,
            "OC": -0.00034665312605338403,
            "SO2": -0.0024876158681425473,
            "NH3": -8.036956512019247e-15
        },
        "ERFaci": {
            "beta": 1.3131605504357926,
            "n0": 181.42390190861303,
            "n1": 71.42556972183738,
            "n2": 265.0550184438914
        }
    },
    "E3SM": {
        "ERFari": {
            "BC": 0.02482318919642245,
            "OC": -0.0126321908918365,
            "SO2": -0.0009420909897280283,
            "NH3": -1.0736312918833566e-12
        },
        "ERFaci": {
            "beta": 1.3678790818896787,
            "n0": 116.54334905817983,
            "n1": 1218.4321839785084,
            "n2": 54.494078909752204
        }
    },
    "GFDL-ESM4": {
        "ERFari": {
            "BC": 0.1076060515142021,
            "OC": -0.028719135462754713,
            "SO2": -0.002633230507326794,
            "NH3": -0.0009225902795315992
        },
        "ERFaci": {
            "beta": 514.9306910787136,
            "n0": 247837.73778910548,
            "n1": 372364572.4963228,
            "n2": 52064.582412798874
        }
    },
    "GFDL-CM4": {
        "ERFari": {
            "BC": 0.029120079559462584,
            "OC": -0.002569844404875333,
            "SO2": -0.0026304911073733745,
            "NH3": -5.644126238742455e-05
        },
        "ERFaci": {
            "beta": 685.3336750176783,
            "n0": 152980.10827758478,
            "n1": 97745.75112553813,
            "n2": 898746.031541492
        }
    },
    "GISS-E2-1-G": {
        "ERFari": {
            "BC": 0.14613221394683254,
            "OC": -0.04414859980576981,
            "SO2": -0.006678277853839379,
            "NH3": -5e-324
        },
        "ERFaci": {
            "beta": 0.6366908608005892,
            "n0": 190.30995028296016,
            "n1": 19.079334735202583,
            "n2": 321.6737896055877
        }
    },
    "HadGEM3-GC31-LL": {
        "ERFari": {
            "BC": 0.05975216214153934,
            "OC": -0.008940867335968128,
            "SO2": -0.003434363551483945,
            "NH3": -0.0012455784113552847
        },
        "ERFaci": {
            "beta": 1.004030521139987,
            "n0": 95.41801974316162,
            "n1": 77.19089183413784,
            "n2": 2216693754.1686397
        }
    },
    "IPSL-CM6A-LR": {
        "ERFari": {
            "BC": 2.3199831242698198e-24,
            "OC": -0.004941544073173974,
            "SO2": -0.0015113877206222614,
            "NH3": -0.0008234620309747544
        },
        "ERFaci": {
            "beta": 1.0972560372486513,
            "n0": 358.33973221476356,
            "n1": 518.9943390272267,
            "n2": 5767170.146621873
        }
    },
    "MIROC6": {
        "ERFari": {
            "BC": 0.03872116068766504,
            "OC": -0.014240822768041709,
            "SO2": -0.001781556063296921,
            "NH3": -1.4974741018709343e-12
        },
        "ERFaci": {
            "beta": 1.1857880037935047,
            "n0": 230.0255134499258,
            "n1": 70.74388140566295,
            "n2": 723.9034053357361
        }
    },
    "MRI-ESM2-0": {
        "ERFari": {
            "BC": 0.02030307437558969,
            "OC": -0.00546758917001747,
            "SO2": -0.0031819683826377074,
            "NH3": -0.0024736057658198756
        },
        "ERFaci": {
            "beta": 7.40533764939888,
            "n0": 1276.0823293831845,
            "n1": 907.5915154283816,
            "n2": 515501842.57214904
        }
    },
    "NorESM2-LM": {
        "ERFari": {
            "BC": 0.0030217410234905486,
            "OC": -0.0034022791684262758,
            "SO2": -0.0012570278032890667,
            "NH3": -1.3896361102340235e-09
        },
        "ERFaci": {
            "beta": 4063.5880233919966,
            "n0": 665271.2607635565,
            "n1": 706359.6398816971,
            "n2": 1014479.6323431642
        }
    },
    "UKESM1-0-LL": {
        "ERFari": {
            "BC": 0.003897503308054413,
            "OC": 0.000451644073937255,
            "SO2": -0.002387390240339857,
            "NH3": -0.00021078276598980722
        },
        "ERFaci": {
            "beta": 0.7412289078369093,
            "n0": 39.51686349697897,
            "n1": 228.08593287367347,
            "n2": 67649409.13163044
        }
    },
    "mean": {
        "ERFari": {
            "BC": 0.03589456999637223,
            "OC": -0.009632920422764864,
            "SO2": -0.0026136627410934337,
            "NH3": -0.00045385520358457815
        },
        "ERFaci": {
            "beta": 1.3125336222751631,
            "n0": 195.1430025218888,
            "n1": 124.86686101597643,
            "n2": 320.5291107725153
        }
    }
}