{
    "cmip5":{
        "ALB_fbk":[
            0.43200066340247895,
            0.4128243691266246,
            0.6140406349928326,
            0.47944951077734443,
            0.4568117167077381,
            0.3785052196351582,
            0.39285373676694574,
            0.5909173824820867,
            0.5176236195429759,
            0.4312263607866165,
            0.3029828250140648,
            0.28527560307211675,
            0.31913619675381366,
            0.24229757944662156,
            0.39899185041645374,
            0.26570668952711435,
            0.1864234126401302,
            0.27763960280491834,
            0.5022402311627332,
            0.4831956534022048,
            0.4352067437575384,
            0.3890396980494752,
            0.3958253662966791,
            0.5067536774426125,
            0.4495516171219592,
            0.45068742036395526,
            0.39591322285876945,
            0.45039888561086955,
            0.4275198808037027
        ],
        "CLD_fbk":[
            0.47203891521579283,
            0.6536233314806309,
            0.20016923121528266,
            0.2690859505582545,
            0.15317592993265497,
            0.6725160382457888,
            0.522436253284727,
            0.38232426341998865,
            0.027992184966964904,
            0.8838060199709794,
            0.22475684947905558,
            0.11392847179024351,
            -0.11854969417228182,
            -0.14012046160873767,
            0.7044118045002482,
            1.1827458470093613,
            1.2476387814311956,
            0.6179839170893782,
            0.6842968818596694,
            -0.036058778566203785,
            0.4364617078380437,
            0.4697526687167231,
            0.3864541249357076,
            0.28445867431221933,
            0.2918098909398574,
            0.32585540490707976,
            0.4020625533727186,
            0.2842608868368198,
            0.23867221372433486
        ],
        "NET_fbk":[
            -0.7644476979921265,
            -0.8110217383134174,
            -0.9211559966146828,
            -1.1820829220391467,
            -1.1349638210557922,
            -0.6353956206882213,
            -1.029961125345413,
            -0.8425276820352993,
            -0.912788134673285,
            -0.7617352650385278,
            -1.234151532437787,
            -1.3744649793675574,
            -1.6571675198826161,
            -1.7619718696952205,
            -0.6324032480482894,
            -0.7501170521851918,
            -0.8041269719441159,
            -1.0174617025258372,
            -0.9245729394174164,
            -1.5305880167477701,
            -1.1305950894544023,
            -1.1917323463128169,
            -1.2340486685349232,
            -1.2250496331159646,
            -1.100311088371418,
            -1.0957216860827579,
            -1.1868474726636082,
            -1.1515811985029067,
            -1.4306168197532527
        ],
        "PL_fbk":[
            -3.1754557163366264,
            -3.2120955267107347,
            -3.138307920064927,
            -3.1919086912915464,
            -3.1957802721031516,
            -3.2611118110908297,
            -3.281559386200992,
            -3.184867545392421,
            -3.1933390512393856,
            -3.1810539167845557,
            -3.2037792455252956,
            -3.203308991942862,
            -3.155640293705551,
            -3.1738463273125266,
            -3.1742127414459955,
            -3.2581355762969118,
            -3.2824166623271296,
            -3.171948187088464,
            -3.3237180881581083,
            -3.244990135157339,
            -3.158722490877569,
            -3.167899584912251,
            -3.178735422792872,
            -3.237166080613264,
            -3.1702179097225183,
            -3.158533740663429,
            -3.273415810470779,
            -3.205155782705223,
            -3.1785246712949253
        ],
        "WVLR_fbk":[
            1.2593579235886505,
            1.2517484116285542,
            1.3526823142924804,
            1.2847351295411629,
            1.2396693071334413,
            1.2541690718576568,
            1.3523963816182238,
            1.4027338637817468,
            1.3182104545579918,
            1.0813296711043374,
            1.1743861836539198,
            1.129138372446506,
            1.2699166849439767,
            1.3022949429667432,
            1.3017269618576914,
            1.1989661875454758,
            1.1804437464500617,
            1.3160811015958676,
            1.22800477676973,
            1.2854138184102926,
            1.094739029586539,
            1.0548315231978078,
            1.077430120306664,
            1.2528134693619617,
            1.3162387818895025,
            1.2960165554299332,
            1.2928182697686437,
            1.2670472979798735,
            1.2302590788323886
        ],
        "models":[
            "ACCESS1-0",
            "ACCESS1-3",
            "BNU-ESM",
            "CCSM4",
            "CNRM-CM5",
            "CSIRO-Mk3-6-0",
            "CanESM2",
            "FGOALS-g2",
            "FGOALS-s2",
            "GFDL-CM3",
            "GFDL-ESM2G",
            "GFDL-ESM2M",
            "GISS-E2-H",
            "GISS-E2-R",
            "HadGEM2-ES",
            "IPSL-CM5A-LR",
            "IPSL-CM5A-MR",
            "IPSL-CM5B-LR",
            "MIROC-ESM",
            "MIROC5",
            "MPI-ESM-LR",
            "MPI-ESM-MR",
            "MPI-ESM-P",
            "MRI-CGCM3",
            "NorESM1-M",
            "NorESM1-ME",
            "bcc-csm1-1-m",
            "bcc-csm1-1",
            "inmcm4"
        ],
        "resid_fbk":[
            0.24761051613757745,
            0.08287767616150747,
            0.050259742949648946,
            -0.023444821624361862,
            0.2111594972735251,
            0.3205258606640047,
            -0.016088110814317436,
            -0.03363564632670072,
            0.41672465749816795,
            0.02295659988409408,
            0.2675018549404687,
            0.3005015652664382,
            0.02796958629742648,
            0.007402396812679142,
            0.1366788766233131,
            -0.13940019997023154,
            -0.13621625013837416,
            -0.0572181369275376,
            -0.015396741051441046,
            -0.018148574836724902,
            0.06171992024104526,
            0.0625433486354277,
            0.08497714271889738,
            -0.03190937361949405,
            0.012306531399781254,
            -0.009747326120296865,
            -0.004225708192960975,
            0.05186751377475266,
            -0.14854332181875377
        ]
    },