species,mean,u90
CH4,0.00023337972004922316,6.207207761387641e-05
N2O,0.0012717910572030817,0.0004707586412175701
ODS,-6.693478199567048e-05,-0.00011302006242177078
CO,0.00011464770068400171,0.00013103040974940267
NMVOC,5.14366051390334e-12,0.00032758074092083077
NO2,0.0011515134572872066,0.0009827412018403123
