{
    "dl": {
        "name": "Depth of deep ocean layer",
        "units": "m",
        "model_data": {
            "ACCESS-CM2": 687.8399792787397,
            "CAMS-CSM1-0": 430.7802993219848,
            "CESM2-WACCM-FV2": 828.602326015026,
            "NorESM2-MM": 878.6117899141068,
            "ACCESS-ESM1-5": 698.5888520935719,
            "CanESM5": 608.7806044544913,
            "CNRM-CM6-1": 1105.8783406079147,
            "FGOALS-f3-L": 582.9487552057979,
            "GISS-E2-1-H": 634.9522484649681,
            "INM-CM5-0": 357.7215334697853,
            "MRI-ESM2-0": 732.0250603270899,
            "SAM0-UNICON": 755.5105477701167,
            "AWI-CM-1-1-MR": 421.4138013387659,
            "CNRM-CM6-1-HR": 715.8531250262057,
            "FGOALS-g3": 727.1685292646439,
            "GISS-E2-2-G": 2675.0369122248862,
            "IPSL-CM6A-LR": 580.802404205931,
            "UKESM1-0-LL": 577.9752504394911,
            "CESM2": 558.2650749175203,
            "CNRM-ESM2-1": 732.5267281972765,
            "GFDL-CM4": 694.9398066031769,
            "HadGEM3-GC31-LL": 576.136648241373,
            "MIROC6": 1549.8571700824687,
            "BCC-CSM2-MR": 483.7546680666584,
            "CESM2-FV2": 685.0172491181726,
            "E3SM-1-0": 326.15352516716564,
            "GFDL-ESM4": 1117.7296337897942,
            "HadGEM3-GC31-MM": 539.8493211012151,
            "MIROC-ES2L": 1335.808371117363,
            "BCC-ESM1": 722.781838545001,
            "CESM2-WACCM": 667.9049758832156,
            "GISS-E2-1-G": 1051.6456174565901,
            "IITM-ESM": 1311.3046769106745,
            "MPI-ESM1-2-HR": 686.0013995754288,
            "NorESM2-LM": 1056.2149903409306
        },
        "mean": 802.7537729867868
    },
    "du": {
        "name": "Depth of upper ocean layer",
        "units": "m",
        "model_data": {
            "ACCESS-CM2": 45.77684998164929,
            "CAMS-CSM1-0": 57.17860561388786,
            "CESM2-WACCM-FV2": 42.74752921228663,
            "NorESM2-MM": 29.030459110047804,
            "ACCESS-ESM1-5": 41.709747786322794,
            "CanESM5": 58.484331724203116,
            "CNRM-CM6-1": 57.12040105415513,
            "FGOALS-f3-L": 43.79171530865397,
            "GISS-E2-1-H": 58.372597288943666,
            "INM-CM5-0": 50.60171859745649,
            "MRI-ESM2-0": 44.48899401039235,
            "SAM0-UNICON": 43.97504762839051,
            "AWI-CM-1-1-MR": 43.72828336413078,
            "CNRM-CM6-1-HR": 86.73509090519725,
            "FGOALS-g3": 46.48727089469788,
            "GISS-E2-2-G": 117.432382502801,
            "IPSL-CM6A-LR": 46.926803923042904,
            "UKESM1-0-LL": 51.511874916205166,
            "CESM2": 38.015795304410275,
            "CNRM-ESM2-1": 62.32914943197172,
            "GFDL-CM4": 35.992405954760734,
            "HadGEM3-GC31-LL": 50.8176037899677,
            "MIROC6": 54.99495384324382,
            "BCC-CSM2-MR": 36.485467368042244,
            "CESM2-FV2": 33.0735523902929,
            "E3SM-1-0": 45.02565996225198,
            "GFDL-ESM4": 73.5243939641867,
            "HadGEM3-GC31-MM": 62.15384015477925,
            "MIROC-ES2L": 84.45071531539126,
            "BCC-ESM1": 49.596602517775885,
            "CESM2-WACCM": 42.20207351270964,
            "GISS-E2-1-G": 52.2463734475854,
            "IITM-ESM": 61.59108013409409,
            "MPI-ESM1-2-HR": 47.351348025141775,
            "NorESM2-LM": 17.119383104696208
        },
        "mean": 51.80200291553618
    },
    "eta": {
        "name": "Heat transfer coefficient",
        "units": "W m**-2 K**-1",
        "model_data": {
            "ACCESS-CM2": 0.5526107731883413,
            "CAMS-CSM1-0": 0.47773568977246933,
            "CESM2-WACCM-FV2": 0.7189892011363891,
            "NorESM2-MM": 0.7968271832482884,
            "ACCESS-ESM1-5": 0.6368426228054155,
            "CanESM5": 0.5257593504179109,
            "CNRM-CM6-1": 0.5074429312720963,
            "FGOALS-f3-L": 0.6099891264092034,
            "GISS-E2-1-H": 0.6232653829039264,
            "INM-CM5-0": 0.48450903442270415,
            "MRI-ESM2-0": 0.872581874383554,
            "SAM0-UNICON": 0.8116499037550982,
            "AWI-CM-1-1-MR": 0.48201403101587476,
            "CNRM-CM6-1-HR": 0.5528202243451091,
            "FGOALS-g3": 0.6557256332547691,
            "GISS-E2-2-G": 0.5385705382669478,
            "IPSL-CM6A-LR": 0.3841086207010792,
            "UKESM1-0-LL": 0.5319031564040243,
            "CESM2": 0.6955908238506618,
            "CNRM-ESM2-1": 0.6039787115346846,
            "GFDL-CM4": 0.5937645821144066,
            "HadGEM3-GC31-LL": 0.5171924357697414,
            "MIROC6": 0.6207569729886098,
            "BCC-CSM2-MR": 0.884619673630859,
            "CESM2-FV2": 0.7301642182681709,
            "E3SM-1-0": 0.3704713042544282,
            "GFDL-ESM4": 0.5465190767233636,
            "HadGEM3-GC31-MM": 0.5929226864899368,
            "MIROC-ES2L": 0.6825092736092372,
            "BCC-ESM1": 0.5372943870988404,
            "CESM2-WACCM": 0.712173177300925,
            "GISS-E2-1-G": 0.8450873624026936,
            "IITM-ESM": 0.7002504075194367,
            "MPI-ESM1-2-HR": 0.651651215236913,
            "NorESM2-LM": 0.8852523484319215
        },
        "mean": 0.6266726838550868
    },
    "efficacy": {
        "name": "Efficacy of deep ocean uptake",
        "units": "dimensionless",
        "model_data": {
            "ACCESS-CM2": 1.4603455388929123,
            "CAMS-CSM1-0": 1.297897404020719,
            "CESM2-WACCM-FV2": 1.470398191063095,
            "NorESM2-MM": 1.5547859781708615,
            "ACCESS-ESM1-5": 1.5416045443334296,
            "CanESM5": 1.0620668932515558,
            "CNRM-CM6-1": 1.0054167009465405,
            "FGOALS-f3-L": 1.559391215378818,
            "GISS-E2-1-H": 1.1165157024088357,
            "INM-CM5-0": 1.2936740986394337,
            "MRI-ESM2-0": 1.4511174563053912,
            "SAM0-UNICON": 1.1219728367998807,
            "AWI-CM-1-1-MR": 1.4297080860990887,
            "CNRM-CM6-1-HR": 0.7434192004255198,
            "FGOALS-g3": 1.309802447275497,
            "GISS-E2-2-G": 0.5924053962941316,
            "IPSL-CM6A-LR": 1.3479452182471938,
            "UKESM1-0-LL": 1.1381931958309388,
            "CESM2": 1.7381482656641305,
            "CNRM-ESM2-1": 0.9086623724543295,
            "GFDL-CM4": 1.634110507560109,
            "HadGEM3-GC31-LL": 1.1891113331902388,
            "MIROC6": 1.2639935428469498,
            "BCC-CSM2-MR": 1.266003539391706,
            "CESM2-FV2": 1.8141872821899294,
            "E3SM-1-0": 1.429254315942557,
            "GFDL-ESM4": 0.8644095216650892,
            "HadGEM3-GC31-MM": 1.002748621941121,
            "MIROC-ES2L": 0.9470096938891713,
            "BCC-ESM1": 1.3280989153723715,
            "CESM2-WACCM": 1.5316241625570113,
            "GISS-E2-1-G": 1.0790187872386268,
            "IITM-ESM": 1.1441141923524671,
            "MPI-ESM1-2-HR": 1.327659049278668,
            "NorESM2-LM": 2.3670476158184988
        },
        "mean": 1.2951960521067662
    },
    "lambda0": {
        "name": "Global climate feedback parameter",
        "units": "W m**-2 K**-1",
        "model_data": {
            "ACCESS-CM2": 0.7338839622393293,
            "CAMS-CSM1-0": 1.9319225046354354,
            "CESM2-WACCM-FV2": 0.6405975358801819,
            "NorESM2-MM": 1.576785689935398,
            "ACCESS-ESM1-5": 0.7603449902579315,
            "CanESM5": 0.6465527065043236,
            "CNRM-CM6-1": 0.7485293291975041,
            "FGOALS-f3-L": 1.5450907282864437,
            "GISS-E2-1-H": 1.1421587926986445,
            "INM-CM5-0": 1.6249299260646652,
            "MRI-ESM2-0": 1.2346180284295485,
            "SAM0-UNICON": 1.033312872903895,
            "AWI-CM-1-1-MR": 1.2321466855084897,
            "CNRM-CM6-1-HR": 0.9624297581426999,
            "FGOALS-g3": 1.297241163245362,
            "GISS-E2-2-G": 1.7416223688639647,