Species,pc05,pc50,pc95
anthro,0.8230213827603575,1.066304611637512,1.3533904917444748
natural,0.04283155995212558,0.07358035348547043,0.11919555148801943
wmghgs,0.9938646481671379,1.341781251110407,1.8361390269809856
aerosols_o3_luc_other_anth,-0.628487090745908,-0.2692879213847792,-0.026618862160754656
