co2,ch4,n2o,other_wmghg,o3_trop,o3_strat,h2o_strat,contrails,aerosol-radiation_interactions,aerosol-cloud_interactions,bc_on_snow,land_use,volcanic,solar,ch4+n2o+cfc,all_ghgs,o3,aerosol,anthro,total,percentile
0.9022956540471953,0.2257746175851336,0.08113022477224485,0.14947251848331802,0.1023936507207127,0.01577924517084826,-0.0011008340453775522,0.007736594874434033,-0.2715909036742263,-0.8230269196339298,0.010587258744786438,-0.16362886834882265,0.04330325880998511,-0.02485645546343091,0.49092793538443624,1.6654163847966856,0.11817289589156095,-0.9652968798216713,0.7864947639189737,0.8345471140625897,5
0.9516429237440753,0.24609309963772844,0.08664586817624585,0.1625843903257608,0.13890321823084967,0.021405506299044738,0.009622239173160905,0.015117863710556812,-0.21237964884709712,-0.6904714012300012,0.0220148670900109,-0.1415593179359738,0.04842067142916659,-0.02036585057513915,0.5166033995295001,1.7323737638307803,0.16030872452989442,-0.8334093963291257,0.9487944230390482,0.9934088680729357,16
1.031906343945736,0.2792897117581513,0.09441135652251292,0.1820382161608245,0.20356097640713944,0.0313695090597621,0.025023829680241194,0.025843889431830802,-0.12200065334997923,-0.4920881864844805,0.041622155611592215,-0.10789011408414595,0.05743046742342672,-0.012579875196830015,0.5561061546810091,1.846374533151691,0.23493048546690154,-0.6176294376581352,1.1846541144820906,1.2305736737242594,50
1.1034240673015732,0.3142134434208024,0.10227144675496297,0.20080023954153178,0.2642007341721872,0.040714322904571706,0.040979679692837036,0.03607011834457652,-0.0353123669861574,-0.297211955333778,0.07366504179232604,-0.07543993394260474,0.06560283153623757,-0.00486204733590654,0.5947915045411009,1.9564304451444252,0.30491505707675887,-0.407106553819001,1.4381498234949888,1.4831770142767509,84
1.1551381961969514,0.33615882177086853,0.10726282883279253,0.2133006247855365,0.3053981078977516,0.04706299253237767,0.05111035685811195,0.04375849767260316,0.0193528835993227,-0.18148012761586563,0.09631335537221827,-0.053076256658887634,0.07129907289462664,-1.6408485615061353e-05,0.6209115055250812,2.0340928738921886,0.35246110043012924,-0.2668234907693985,1.5978516797759161,1.639546876971365,95
