co2,ch4,n2o,other_wmghg,o3,h2o_stratospheric,contrails,aerosol-radiation_interactions,aerosol-cloud_interactions,bc_on_snow,land_use,volcanic,solar,ch4+n2o+cfc,wmghgs,all_ghgs,aerosol,albedo,anthro,natural,total,percentile
0.7202977423206351,0.18756104961253878,0.06955680713712027,0.13310308295295187,0.10408889334521883,0.00028803538726647243,0.007940077619750551,-0.30631296558079635,-0.8557605771139878,0.010221629170299722,-0.18009071284999384,-0.030547948628236777,-0.04460882817926857,0.40754873506814115,1.145595236526716,1.3239426825800469,-1.0854550627235877,-0.1346905483170148,0.6450757882397067,-0.06440333244552847,0.8747875941818491,5
0.8156136971059594,0.21553013660087103,0.07904382484611032,0.15126220395265247,0.15068482909509578,0.009172662183634,0.01435827379526036,-0.22350243983970436,-0.670180559668981,0.02199227171592334,-0.14621792726670277,-0.02525815164250216,-0.028460967692742825,0.45562433682910636,1.2788737775336687,1.4846579383193939,-0.8508988920839547,-0.1018474738184041,0.8281456872670607,-0.047434420668123645,0.983032254879655,16
0.9840608871163391,0.2673732719271751,0.09626970456019679,0.1873341917559247,0.22586767435453625,0.023933709377601753,0.024578697618788725,-0.1359277685400908,-0.4276520178460421,0.04219125712025762,-0.10429004540322584,-0.017654809548181216,-0.005188976161477399,0.5529953499734401,1.541263401238564,1.7903640146155455,-0.5638569248033791,-0.05900356192212941,1.1660826084682923,-0.02383134081668481,1.1611589149037032,50
1.212727319473733,0.3370993663022703,0.11881755378763596,0.23247284805579232,0.3167611930642577,0.04032696776328309,0.03659017243045797,-0.06025223827171679,-0.2504260212110905,0.07309104985829021,-0.06972313595413454,-0.012381078397941052,0.018777240804481402,0.6788349834088672,1.885904905137685,2.1955865882357397,-0.3605988618202372,-0.01885531658899596,1.5551092936170972,0.001027039032801023,1.3686265556778718,84
1.3843755615261037,0.3896546558793622,0.135280187026187,0.26711657405557193,0.38100095429444475,0.05268523032591137,0.04589801318800325,-0.016296216169904027,-0.1587740092178142,0.09714582893292192,-0.05058207694815347,-0.009388841078565902,0.03809774563857529,0.7684318249777481,2.148196584072676,2.499910350891055,-0.25213890734311317,0.006837736772793262,1.8146648636209117,0.020083934206206175,1.500723001416872,95
