co2,ch4,n2o,other_wmghg,o3,h2o_stratospheric,contrails,aerosol-radiation_interactions,aerosol-cloud_interactions,bc_on_snow,land_use,volcanic,solar,ch4+n2o+cfc,all_ghgs,aerosol,anthro,total,percentile
0.7772703407724119,0.19489380184259447,0.07495247506361372,0.1401996597500977,0.11812266597815231,-2.9721001835736104e-05,0.008132223888965584,-0.3150846299604085,-0.9999407969555938,0.00963145992157403,-0.1944353687268936,0.038675665528632525,-0.0032026589485743663,0.42636167025808874,1.413967338596085,-1.1720597752999207,0.7708121662213615,0.8243005608207252,5
0.86757856564476,0.2264757278853793,0.08358457295403668,0.1602894280450849,0.15875869001875864,0.009388138020573469,0.015354430427012674,-0.23456135638403455,-0.7584251692316792,0.022532589465008166,-0.15849796006727168,0.044409621280724974,-0.0007278808358817379,0.4815476054654431,1.5724047538489143,-0.9165670456453301,0.9193859588908101,0.9716414706207464,16
1.0478439480576571,0.283347027015598,0.10160836537638152,0.19824725675925942,0.23722905611301914,0.026247376742897677,0.026013617826967428,-0.12820537578619273,-0.48574324063011143,0.044163963965998754,-0.11220769944745357,0.05407277826932788,0.002914120481158078,0.5829764698426333,1.89515126211669,-0.6224518072462534,1.2171564606944194,1.2746777213100482,50
1.2965767184804768,0.36523562128011916,0.12491369271886127,0.24550443594502616,0.3339419735135392,0.04422831780683177,0.03857295560392862,-0.04025247441957484,-0.28077664661174195,0.0773967821724724,-0.07375444021451182,0.06482158195282758,0.007506469007079854,0.7255444995145063,2.336533269360159,-0.38176647592779084,1.6052654487738656,1.665820252424538,84
1.4984880681076969,0.42343273868963,0.14637456889654687,0.2845700902849983,0.4150021788719998,0.0574806787590074,0.046967413162157266,0.015745963285421,-0.14585069122861888,0.10541746462109707,-0.0528841872133877,0.07296175761763173,0.011849851308734668,0.8387471148931493,2.7298054644796985,-0.23545673602085324,1.9243552574171936,2.0032095763166415,95
