co2,ch4,n2o,other_wmghg,o3,h2o_stratospheric,contrails,aerosol-radiation_interactions,aerosol-cloud_interactions,bc_on_snow,land_use,volcanic,solar,ch4+n2o+cfc,all_ghgs,aerosol,anthro,total,percentile
0.9078298966372282,0.2204262956687779,0.08646135311193279,0.15609001133132488,0.12183973282846047,-2.4513558556893148e-05,0.00808478415300108,-0.2735783005637653,-0.8109233770180467,0.009808264614750772,-0.1671349115872514,0.039708242712786584,0.001394270800495473,0.5016723397984927,1.6788194556367035,-0.9715731320059682,0.8026794188114281,0.8559127524914906,5
0.9557851169051912,0.24269281227181266,0.09161482343398988,0.1712645939579413,0.16262491437647816,0.009384609113192815,0.01533300994297603,-0.2147944589907675,-0.6905064455471253,0.02272253540464053,-0.14390582387378692,0.045216370625798356,0.0019443227931113772,0.5305723617596685,1.7562406205102805,-0.834546878278722,0.9676361786095541,1.0253504945030407,16
1.0302129207072568,0.27876235618967754,0.10015825067858097,0.19542160134287456,0.23409580843974942,0.025629662018482602,0.02580324818961688,-0.12383324343524427,-0.47858398078555053,0.04189104113411157,-0.11058549862594347,0.05300737453075516,0.0027468882322687627,0.5725618225257828,1.8667273437855196,-0.6093931525747559,1.2235152217774097,1.277078983139458,50
1.1059596040864204,0.313200145754192,0.10836559608032204,0.2166561693019491,0.3081614724915829,0.04073318307615114,0.03631261931735819,-0.037575982931668854,-0.28269718666488797,0.07445175843874033,-0.07534628786321775,0.06093925666323736,0.0035973650253400625,0.6172899811541721,1.9746472913493878,-0.39131852754475893,1.4684887883170874,1.5240313626831568,84
1.1550948202393994,0.3370578157985359,0.11442911898310405,0.2319622406790254,0.35254773177561677,0.05088622639357777,0.04307569513905599,0.017632894081089912,-0.16049917314304174,0.09619963549697606,-0.053379420194248677,0.06615910456896254,0.00413685694629633,0.6449033546628054,2.0523885459217066,-0.24029112497058006,1.6346136154961513,1.6911677237903904,95
