co2,ch4,n2o,other_wmghg,o3_trop,o3_strat,h2o_strat,contrails,aerosol-radiation_interactions,aerosol-cloud_interactions,bc_on_snow,land_use,volcanic,solar,ch4+n2o+cfc,all_ghgs,o3,aerosol,anthro,total,percentile
0.745210497633039,0.1928439281048086,0.06816864629313651,0.1259027634566982,0.09503473571774085,0.014629806810288698,-0.0011362336433598963,0.007789270613039845,-0.31311952555980166,-0.9859654460727333,0.01010378523078263,-0.19866154101600655,0.0367376986157279,-0.028037063225830848,0.3977272434525859,1.3384746872478646,0.10941330910867109,-1.1623264339965325,0.7134920816877884,0.7541581170677272,5
0.8494709254655104,0.22497564514116677,0.0776317673534673,0.14677795660071552,0.1359402208599445,0.02098260286808931,0.009556259681030462,0.014256502450184777,-0.23333888824982982,-0.7521114553825684,0.02193083620179872,-0.1548190922002212,0.04403754263716656,-0.021416504230358402,0.4566376045466681,1.5226253907381795,0.15713958407936554,-0.928519450092697,0.8878643203080993,0.9332952510261199,16
1.0399186059198537,0.28451609280116463,0.09550704215521094,0.18415287129600894,0.20555770713932697,0.03158097422371131,0.024949750050476782,0.02569087152222055,-0.1246217806007579,-0.49419353062544713,0.04315118299358445,-0.10941425685929596,0.05754465918676277,-0.012094538585379011,0.567716135886853,1.8825226091599596,0.23704168049832264,-0.6312485347336745,1.1828439418666472,1.2285118786644929,50
1.2794532816143849,0.3616964116442099,0.11931413821327881,0.23022593375977507,0.2913365748703408,0.044554722792039,0.043555229512400505,0.03880531977184338,-0.03898767198756768,-0.2933246985893097,0.07890932159637237,-0.0726650802696637,0.07334492335165324,-0.004467814777658319,0.7046549818417234,2.300843607079457,0.3359314348654046,-0.39289568894728066,1.5586154150137164,1.611920913164787,84
1.4739872390214481,0.4263827725733259,0.13838859803468026,0.2642215688192966,0.3567266370781418,0.05426672212253843,0.059047709459488784,0.048748497982518846,0.017790769987324942,-0.18063617719738798,0.10507578893422942,-0.05083903600535997,0.08595822487948002,-1.3592724264744683e-05,0.810677099355866,2.6574451810826067,0.41148511233133644,-0.2602548175428638,1.8521298773520343,1.9145876245927809,95
