co2,ch4,n2o,other_wmghg,o3,h2o_stratospheric,contrails,aerosol-radiation_interactions,aerosol-cloud_interactions,bc_on_snow,land_use,volcanic,solar,wmghgs,aerosol,albedo,anthro,natural,ch4+n2o+cfc,total,anthro1850-1900,percentile
0.7202977423206351,0.18756104961253878,0.06955680713712027,0.13310308295295187,0.10408889334521883,0.00028803538726647243,0.007940077619750551,-0.30631296558079635,-0.8557605771139878,0.010221629170299722,-0.18009071284999384,-0.030547948628236777,-0.04460882817926857,1.1455952365307547,-1.085455062723404,-0.13469054831774194,0.8960868057782254,-0.06440333243941723,0.40754873506814115,0.8747875941818491,0.0189429230452635,5
0.8156136971059594,0.21553013660087103,0.07904382484611032,0.15126220395265247,0.15068482909509578,0.009172662183634,0.01435827379526036,-0.22350243983970436,-0.670180559668981,0.02199227171592334,-0.14621792726670277,-0.02525815164250216,-0.028460967692742825,1.2788737775334589,-0.8508988920785993,-0.10184747382501733,1.0097113621854028,-0.04743442066946149,0.45562433682910636,0.983032254879655,0.04942153583165314,16
0.9840608871163391,0.2673732719271751,0.09626970456019679,0.1873341917559247,0.22586767435453625,0.023933709377601753,0.024578697618788725,-0.1359277685400908,-0.4276520178460421,0.04219125712025762,-0.10429004540322584,-0.017654809548181216,-0.005188976161477399,1.5412634012353328,-0.5638569248043204,-0.0590035619322129,1.1848943098344742,-0.023831340827519698,0.5529953499734401,1.1611589149037032,0.08230132797140463,50
1.212727319473733,0.3370993663022703,0.11881755378763596,0.23247284805579232,0.3167611930642577,0.04032696776328309,0.03659017243045797,-0.06025223827171679,-0.2504260212110905,0.07309104985829021,-0.06972313595413454,-0.012381078397941052,0.018777240804481402,1.8859049051373953,-0.3605988618188336,-0.018855316581290416,1.3855056056708392,0.0010270390312994242,0.6788349834088672,1.3686265556778718,0.10801869426345725,84
1.3843755615261037,0.3896546558793622,0.135280187026187,0.26711657405557193,0.38100095429444475,0.05268523032591137,0.04589801318800325,-0.016296216169904027,-0.1587740092178142,0.09714582893292192,-0.05058207694815347,-0.009388841078565902,0.03809774563857529,2.148196584065171,-0.2521389073435729,0.0068377367753310984,1.520587975676633,0.020083934207930046,0.7684318249777481,1.500723001416872,0.12465215514584099,95
