co2,ch4,n2o,other_wmghg,o3,h2o_stratospheric,contrails,aerosol-radiation_interactions,aerosol-cloud_interactions,bc_on_snow,land_use,volcanic,solar,ch4+n2o+cfc,all_ghgs,aerosol,anthro,total,percentile
0.8918425861138228,0.21805121286159806,0.08386456921424477,0.15574308066268222,0.11497712975675335,-0.000625531915582167,0.008661743578222005,-0.2532407497430994,-0.9060351751148863,0.010402137576676651,-0.15753628132396116,0.03861340386202587,-0.030119302298061434,0.4940062422112498,1.6469664061729519,-1.0203345821138812,0.7109794986220386,0.7673529556760798,5
0.935979286170712,0.23896508964904173,0.08963177396348249,0.16969791919470922,0.1565850976527094,0.00960257457555547,0.015261198504097635,-0.20319814629708732,-0.7917819866505335,0.022493075535546466,-0.1346964876220621,0.044326851392295086,-0.015018633444541539,0.5196085516916751,1.7133555461262266,-0.921860422638284,0.8408726409806205,0.9021585369602139,16
1.0094731951702127,0.2701856056798845,0.09796266087925287,0.1915911884602297,0.22891797303933425,0.024665366608392247,0.025469645343501823,-0.13027476806513727,-0.6015824705583258,0.04110288330080181,-0.10460809602619614,0.05244099271742009,0.008893127747736873,0.5616079833197118,1.8190597568521445,-0.73608424218923,1.0576501266615552,1.116212641482813,50
1.081009755631015,0.30297707181645456,0.10591187993807942,0.21421771103493129,0.29969888989221705,0.03888697906500366,0.035612616503758326,-0.05793632985691888,-0.40482193508905345,0.07263065156272339,-0.07205253737803186,0.060897008957661036,0.030235109104847765,0.5990170583489622,1.9344815900883914,-0.5381640359063258,1.2673379465789556,1.3337106399316094,84
1.1313352930231904,0.32190571995021844,0.11114778199632082,0.22758327983634552,0.3473823894690939,0.04840689577588511,0.04276956739526344,-0.014368843163689098,-0.290755217545317,0.09108721429056366,-0.05198053264418302,0.06533812765853199,0.045814380517009305,0.6238939114651705,2.0107716248454848,-0.42759782102628263,1.425361229104988,1.4865931963869894,95
